comparison,mean_a,mean_b,t,p,d
crack vs noncrack,0.001830305017807029,0.0014310895358185943,3.1875878277533034,0.0015244710552417095,0.20850805292019123
crack vs left,0.001830305017807029,0.0013449354931207994,3.7519410328169305,0.000193634330475521,0.2554315459141398
crack vs right,0.001830305017807029,0.0016071614827274574,1.6688910912649388,0.09563123764487039,0.10358133235190083
left vs right,0.0013449354931207994,0.0016071614827274574,-3.350093769876829,0.0008215035421442761,-0.14039653457469475
