group,n_points,mean_abs_dist,rms_dist,p95_dist,max_abs_dist
crack,21,0.006054735245194144,0.008220504812876605,0.011909841792389115,0.027782998370528108
left_noncrack,144,0.005291683011176894,0.006430715043772029,0.010221478701117158,0.025151230335017122
right_noncrack,159,0.004852408303891549,0.006200701279361198,0.012054786185968704,0.021484485028462036
noncrack_all,303,0.005061172521215278,0.00631106015918855,0.011272135951829796,0.025151230335017122
