crack_n,noncrack_n,crack_mean,noncrack_mean,t_statistic,p_value,cohens_d
21,303,0.006054735245194105,0.005061172521215229,0.7872263642604167,0.43984794817098183,0.2532521701862203
