comparison,n_a,mean_a,std_a,n_b,mean_b,std_b,t_stat,p_value,cohens_d
crack vs noncrack_all,414,0.005414625475322476,0.003997525095571607,2259,0.005918428338313438,0.003636974059317834,-2.38946210549428,0.01721169606634707,-0.1363463065188228
crack vs left_noncrack,414,0.005414625475322476,0.003997525095571607,1106,0.005747724405961902,0.003378236706432903,-1.506044662198828,0.13254445596501785,-0.09363504853994967
crack vs right_noncrack,414,0.005414625475322476,0.003997525095571607,1153,0.006082173827628962,0.0038633268155903334,-2.9403056896809354,0.003385766314873869,-0.17120179833587365
left vs right,1106,0.005747724405961902,0.003378236706432903,1153,0.006082173827628962,0.0038633268155903334,-2.1927716178011303,0.028426440089264038,-0.09203512631288553
